<?xml version="1.0"?>
<opencv_storage>
<cascade>
  <stageType>BOOST</stageType>
  <featureType>LBP</featureType>
  <height>16</height>
  <width>64</width>
  <stageParams>
    <boostType>GAB</boostType>
    <minHitRate>9.9500000476837158e-01</minHitRate>
    <maxFalseAlarm>5.0000000000000000e-01</maxFalseAlarm>
    <weightTrimRate>9.4999999999999996e-01</weightTrimRate>
    <maxDepth>1</maxDepth>
    <maxWeakCount>25</maxWeakCount></stageParams>
  <featureParams>
    <maxCatCount>256</maxCatCount>
    <featSize>1</featSize></featureParams>
  <stageNum>13</stageNum>
  <stages>
    <!-- stage 0 -->
    <_>
      <maxWeakCount>4</maxWeakCount>
      <stageThreshold>-1.6219481229782104e+00</stageThreshold>
      <weakClassifiers>
        <_>
          <internalNodes>
            0 -1 43 -2561 -234882069 -578037494 -3147793 -203032597
            1902231761 -3407926 -2049</internalNodes>
          <leafValues>
            -7.8116589784622192e-01 6.8186044692993164e-01</leafValues></_>
        <_>
          <internalNodes>
            0 -1 57 352326928 1058083280 1502920181 -6613668 -1735873027
            -1141159777 -1142412372 -1157101560</internalNodes>
          <leafValues>
            -7.9259228706359863e-01 6.2141162157058716e-01</leafValues></_>
        <_>
          <internalNodes>
            0 -1 28 -50 -586226738 -552468344 -110118166 -717113442
            21449 1474142699 1442839519</internalNodes>
          <leafValues>
            -7.1683514118194580e-01 6.0926103591918945e-01</leafValues></_>
        <_>
          <internalNodes>
            0 -1 3 -1054002 -460394782 -286332350 -487653842 -134742175
            74798917 -545795120 -176179201</internalNodes>
          <leafValues>
            -6.4934897422790527e-01 6.6864526271820068e-01</leafValues></_></weakClassifiers></_>
    <!-- stage 1 -->
    <_>
      <maxWeakCount>5</maxWeakCount>
      <stageThreshold>-1.2461665868759155e+00</stageThreshold>
      <weakClassifiers>
        <_>
          <internalNodes>
            0 -1 40 -134217745 -235407873 -767164534 -9442626 -134744129
            1358279167 -1572882 -167772417</internalNodes>
          <leafValues>
            -8.2479608058929443e-01 4.7822877764701843e-01</leafValues></_>
        <_>
          <internalNodes>
            0 -1 7 -1845456648 -585870960 319829493 -45086460 -922740488
            -776006 -1433921089 1000341512</internalNodes>
          <leafValues>
            -7.0899802446365356e-01 5.1915192604064941e-01</leafValues></_>
        <_>
          <internalNodes>
            0 -1 81 -67371134 -487394324 -649661312 -1031543834
            -1149046011 34820455 2002998528 -764152457</internalNodes>
          <leafValues>
            -7.0243948698043823e-01 5.5623692274093628e-01</leafValues></_>
        <_>
          <internalNodes>
            0 -1 52 605031448 -1084468744 -1655103491 2147294680
            -1316447491 -637769064 -1074216962 -1144512372</internalNodes>
          <leafValues>
            -7.3613041639328003e-01 5.2777582406997681e-01</leafValues></_>
        <_>
          <internalNodes>
            0 -1 74 -17825814 -209070806 1224757760 1301260154
            -243867776 537980928 822665600 1453848575</internalNodes>
          <leafValues>
            -7.6585876941680908e-01 5.4007095098495483e-01</leafValues></_></weakClassifiers></_>
    <!-- stage 2 -->
    <_>
      <maxWeakCount>5</maxWeakCount>
      <stageThreshold>-1.0288889408111572e+00</stageThreshold>
      <weakClassifiers>
        <_>
          <internalNodes>
            0 -1 45 -142606337 -234884105 -942669937 -168820737
            -738200065 -235472937 -526384 -2057</internalNodes>
          <leafValues>
            -7.3661798238754272e-01 4.7879859805107117e-01</leafValues></_>
        <_>
          <internalNodes>
            0 -1 26 -1600126800 -183469583 124855 -78637583 -133643336
            -1129276228 -1952969795 -1469053824</internalNodes>
          <leafValues>
            -7.1075737476348877e-01 4.3283107876777649e-01</leafValues></_>
        <_>
          <internalNodes>
            0 -1 2 -17830162 -523507506 -335297938 -989868310 -672663705
            1651099457 -144248732 -144193705</internalNodes>
          <leafValues>
            -6.8117302656173706e-01 5.0106960535049438e-01</leafValues></_>
        <_>
          <internalNodes>
            0 -1 14 -167772178 -4341761 -537399902 -4117 -167905793
            -1795293185 1442162154 -1276139602</internalNodes>
          <leafValues>
            -5.5162549018859863e-01 5.6729644536972046e-01</leafValues></_>
        <_>
          <internalNodes>
            0 -1 0 286273977 1901156160 1976515063 1475813144 692299752
            -843064354 2005724111 231539854</internalNodes>
          <leafValues>
            -5.9739047288894653e-01 5.3236293792724609e-01</leafValues></_></weakClassifiers></_>
    <!-- stage 3 -->
    <_>
      <maxWeakCount>5</maxWeakCount>
      <stageThreshold>-1.2924413681030273e+00</stageThreshold>
      <weakClassifiers>
        <_>
          <internalNodes>
            0 -1 37 -2097153 -235144257 -545392210 -33572114 -16780289
            1910626738 -1 -2109697</internalNodes>
          <leafValues>
            -7.6233702898025513e-01 3.0888170003890991e-01</leafValues></_>
        <_>
          <internalNodes>
            0 -1 36 -258 -175194962 -135991606 -738599954 -136863745
            366325164 2013083647 2012741631</internalNodes>
          <leafValues>
            -7.0845782756805420e-01 4.1357228159904480e-01</leafValues></_>
        <_>
          <internalNodes>
            0 -1 82 -536870966 -536613905 -1852834560 -1027083697
            -1955475901 22082080 1935632198 -212339385</internalNodes>
          <leafValues>
            -5.8534580469131470e-01 4.9082395434379578e-01</leafValues></_>
        <_>
          <internalNodes>
            0 -1 63 -4196358 -179655702 1326732016 301789054 -186638920
            1174458592 226521599 1464860671</internalNodes>
          <leafValues>
            -7.0115524530410767e-01 4.0752482414245605e-01</leafValues></_>
        <_>
          <internalNodes>
            0 -1 56 344981520 -136703748 356261887 -163428 796983036
            -72533315 -1115116035 780141600</internalNodes>
          <leafValues>
            -7.1504431962966919e-01 4.2116415500640869e-01</leafValues></_></weakClassifiers></_>
    <!-- stage 4 -->
    <_>
      <maxWeakCount>5</maxWeakCount>
      <stageThreshold>-1.1838985681533813e+00</stageThreshold>
      <weakClassifiers>
        <_>
          <internalNodes>
            0 -1 46 -67110917 -202115085 -271581201 -336592945
            -143140905 -201984013 -3407928 -2097185</internalNodes>
          <leafValues>
            -7.0421242713928223e-01 3.7325173616409302e-01</leafValues></_>
        <_>
          <internalNodes>
            0 -1 55 352326877 2003836272 -1617349227 1058474396
            747657468 -41936696 479268351 455090176</internalNodes>
          <leafValues>
            -6.5891182422637939e-01 4.0733435750007629e-01</leafValues></_>
        <_>
          <internalNodes>
            0 -1 35 -68158522 -420809853 -2142795414 -531650130
            1605890899 74375236 1962914631 -1048595537</internalNodes>
          <leafValues>
            -5.8815896511077881e-01 4.4766652584075928e-01</leafValues></_>
        <_>
          <internalNodes>
            0 -1 66 270536848 -720105612 1574215605 -1118474876
            -1309562435 -17718535 -1417101588 480510216</internalNodes>
          <leafValues>
            -6.9849157333374023e-01 3.8642087578773499e-01</leafValues></_>
        <_>
          <internalNodes>
            0 -1 83 -2134 -409219102 -855378432 -960304344 -1279021055
            69585478 1405350480 -168296489</internalNodes>
          <leafValues>
            -6.0635018348693848e-01 4.3005070090293884e-01</leafValues></_></weakClassifiers></_>
    <!-- stage 5 -->
    <_>
      <maxWeakCount>6</maxWeakCount>
      <stageThreshold>-1.8914896249771118e+00</stageThreshold>
      <weakClassifiers>
        <_>
          <internalNodes>
            0 -1 48 -134219777 -788532525 -812650611 -1048593 -150998049
            -239602953 -2097204 -2177</internalNodes>
          <leafValues>
            -7.1383845806121826e-01 3.2626426219940186e-01</leafValues></_>
        <_>
          <internalNodes>
            0 -1 61 -1048594 -607129886 -487669600 -141563137 -136579627
            1077113951 -638069761 -136315521</internalNodes>
          <leafValues>
            -5.5788379907608032e-01 4.3335753679275513e-01</leafValues></_>
        <_>
          <internalNodes>
            0 -1 60 1015027472 1065203709 -75 -1073881153 -57885763
            -88097793 -67356484 -1097200384</internalNodes>
          <leafValues>
            -6.2508052587509155e-01 3.9868113398551941e-01</leafValues></_>
        <_>
          <internalNodes>
            0 -1 8 -454234450 -318771793 -1284575442 -17830674
            -1040451841 -184827938 -196 1961355182</internalNodes>
          <leafValues>
            -7.3622447252273560e-01 3.3065965771675110e-01</leafValues></_>
        <_>
          <internalNodes>
            0 -1 21 -269484068 -33607937 -309449564 1060105967
            -239086164 351597820 -1517504612 1912370687</internalNodes>
          <leafValues>
            -7.0256131887435913e-01 3.3312633633613586e-01</leafValues></_>
        <_>
          <internalNodes>
            0 -1 71 -1050758 -5312152 1166557700 992935900 1736637342
            860234746 161275919 2131755007</internalNodes>
          <leafValues>
            -6.1535042524337769e-01 3.6958575248718262e-01</leafValues></_></weakClassifiers></_>
    <!-- stage 6 -->
    <_>
      <maxWeakCount>6</maxWeakCount>
      <stageThreshold>-1.7857444286346436e+00</stageThreshold>
      <weakClassifiers>
        <_>
          <internalNodes>
            0 -1 18 -33597695 -16777351 2143250303 -67108865 -51445761
            -353435649 -529138753 -520094209</internalNodes>
          <leafValues>
            -7.5571727752685547e-01 1.9621904194355011e-01</leafValues></_>
        <_>
          <internalNodes>
            0 -1 77 -6166 -22028630 -1867890622 -208930962 -257952369
            1694687690 -710676022 -676593681</internalNodes>
          <leafValues>
            -5.7280772924423218e-01 3.8669580221176147e-01</leafValues></_>
        <_>
          <internalNodes>
            0 -1 72 -4197398 -13667294 1264456776 520898368 -236866168
            1017143276 287104651 2131754991</internalNodes>
          <leafValues>
            -6.6346269845962524e-01 3.3237108588218689e-01</leafValues></_>
        <_>
          <internalNodes>
            0 -1 39 -143130677 -235151367 -135405656 -1052726 -135202887
            1901097317 -663602 -236987138</internalNodes>
          <leafValues>
            -5.5477285385131836e-01 3.9316710829734802e-01</leafValues></_>
        <_>
          <internalNodes>
            0 -1 65 83891216 2111053808 -1758445707 -1076331011
            -1186415942 -34267768 1072316092 1010306064</internalNodes>
          <leafValues>
            -7.1728479862213135e-01 3.6254638433456421e-01</leafValues></_>
        <_>
          <internalNodes>
            0 -1 67 -1082 1715970504 1179800832 1409279439 1903162828
            1141306437 -757074473 -792726017</internalNodes>
          <leafValues>
            -5.5629384517669678e-01 3.9846968650817871e-01</leafValues></_></weakClassifiers></_>
    <!-- stage 7 -->
    <_>
      <maxWeakCount>7</maxWeakCount>
      <stageThreshold>-2.2031784057617188e+00</stageThreshold>
      <weakClassifiers>
        <_>
          <internalNodes>
            0 -1 11 -2301 -8519809 -144966345 -8388737 -17039361
            -889196545 -234950661 -855703553</internalNodes>
          <leafValues>
            -6.9055068492889404e-01 2.6715686917304993e-01</leafValues></_>
        <_>
          <internalNodes>
            0 -1 4 -1052950 -1030756626 1719921160 -892344210 -403215392
            1145536103 -144186425 -145229969</internalNodes>
          <leafValues>
            -6.1277091503143311e-01 3.3642357587814331e-01</leafValues></_>
        <_>
          <internalNodes>
            0 -1 59 286531033 2098207187 1602043383 -1080477187
            763371006 -537104396 -1175175713 794824808</internalNodes>
          <leafValues>
            -5.6694328784942627e-01 3.9781469106674194e-01</leafValues></_>
        <_>
          <internalNodes>
            0 -1 47 -134219777 -266078729 -1053010 -202441777 -671090829
            -252189705 -138421290 -201853577</internalNodes>
          <leafValues>
            -5.0729566812515259e-01 4.4068849086761475e-01</leafValues></_>
        <_>
          <internalNodes>
            0 -1 27 -234883080 223281098 -67191924 -536895489 1966425827
            1107107294 1911366826 1912600478</internalNodes>
          <leafValues>
            -6.2338167428970337e-01 3.5619020462036133e-01</leafValues></_>
        <_>
          <internalNodes>
            0 -1 13 17914830 930939132 2064627679 2012686036 851311614
            867926958 1870789886 999286414</internalNodes>
          <leafValues>
            -6.3150572776794434e-01 3.1903952360153198e-01</leafValues></_>
        <_>
          <internalNodes>
            0 -1 33 136839352 1566392105 320846289 -6316560 1264845256
            -310635363 1001921756 -16707584</internalNodes>
          <leafValues>
            -5.1506024599075317e-01 3.9011520147323608e-01</leafValues></_></weakClassifiers></_>
    <!-- stage 8 -->
    <_>
      <maxWeakCount>8</maxWeakCount>
      <stageThreshold>-1.7945843935012817e+00</stageThreshold>
      <weakClassifiers>
        <_>
          <internalNodes>
            0 -1 12 1398267901 2147439612 2123268094 -151554 1609564158
            -1094717490 -536936450 -2</internalNodes>
          <leafValues>
            -6.9123697280883789e-01 2.4225576221942902e-01</leafValues></_>
        <_>
          <internalNodes>
            0 -1 19 288649975 1896962996 2147358687 -2755801 1995717118
            -45818920 -5591569 -1410850678</internalNodes>
          <leafValues>
            -5.0494408607482910e-01 3.8951012492179871e-01</leafValues></_>
        <_>
          <internalNodes>
            0 -1 25 2009589607 2013210605 -854692018 -538983793
            2007497719 837252003 1087274958 2012479430</internalNodes>
          <leafValues>
            -5.8543336391448975e-01 3.5037690401077271e-01</leafValues></_>
        <_>
          <internalNodes>
            0 -1 44 -235146869 -791101327 -808456274 -355467793
            -243272351 1365733749 -40903860 -202381833</internalNodes>
          <leafValues>
            -6.2743508815765381e-01 3.0872401595115662e-01</leafValues></_>
        <_>
          <internalNodes>
            0 -1 69 -187194750 -949043 71655182 -674369691 -605047809
            -135273794 1667695530 1407134219</internalNodes>
          <leafValues>
            -6.2414431571960449e-01 3.2251501083374023e-01</leafValues></_>
        <_>
          <internalNodes>
            0 -1 38 2230525 -135137994 -976214793 -135232159 -1292857608
            -34534659 -1266151425 -1391460176</internalNodes>
          <leafValues>
            -4.6821090579032898e-01 4.0499693155288696e-01</leafValues></_>
        <_>
          <internalNodes>
            0 -1 5 -3223809 -319881490 -827446787 -522134804 1969192959
            -917472815 1527129084 -596115457</internalNodes>
          <leafValues>
            -4.4530543684959412e-01 4.5620110630989075e-01</leafValues></_>
        <_>
          <internalNodes>
            0 -1 70 -269484046 -5976 -1394343700 265170172 -983433284
            1613669713 774045688 1422913527</internalNodes>
          <leafValues>
            -6.2135016918182373e-01 3.1382775306701660e-01</leafValues></_></weakClassifiers></_>
    <!-- stage 9 -->
    <_>
      <maxWeakCount>7</maxWeakCount>
      <stageThreshold>-1.3709685802459717e+00</stageThreshold>
      <weakClassifiers>
        <_>
          <internalNodes>
            0 -1 53 288627701 -539716099 -1080189441 -5377221 -198147
            -19267681 -1077347329 -1078052480</internalNodes>
          <leafValues>
            -7.3079609870910645e-01 1.3688945770263672e-01</leafValues></_>
        <_>
          <internalNodes>
            0 -1 31 -101188633 2046427005 -879759474 -406213026
            -177474373 1347479032 -5645426 -704709665</internalNodes>
          <leafValues>
            -6.4822560548782349e-01 2.8430926799774170e-01</leafValues></_>
        <_>
          <internalNodes>
            0 -1 23 -79716865 -12726529 -1346466401 -1618014737
            -1246112259 1894838525 -1109410565 -4327171</internalNodes>
          <leafValues>
            -3.9296570420265198e-01 5.5672270059585571e-01</leafValues></_>
        <_>
          <internalNodes>
            0 -1 62 -2 -505680692 1156072780 1223288575 -852013125
            912326647 1144182782 1173618679</internalNodes>
          <leafValues>
            -5.9236258268356323e-01 3.3399465680122375e-01</leafValues></_>
        <_>
          <internalNodes>
            0 -1 32 -574640434 -573771794 -1188549526 -103946518
            865156840 86802270 2004682734 905399423</internalNodes>
          <leafValues>
            -6.8310183286666870e-01 2.9013493657112122e-01</leafValues></_>
        <_>
          <internalNodes>
            0 -1 29 -1608481027 -193948235 -1374540865 -174836947
            -1939801614 -436954268 -5239873 -1357379910</internalNodes>
          <leafValues>
            -4.5706689357757568e-01 3.9714139699935913e-01</leafValues></_>
        <_>
          <internalNodes>
            0 -1 51 -162535922 1965750879 1716452687 -608058379
            -943998986 1691930644 -9438210 -143655097</internalNodes>
          <leafValues>
            -5.1470088958740234e-01 3.5138621926307678e-01</leafValues></_></weakClassifiers></_>
    <!-- stage 10 -->
    <_>
      <maxWeakCount>8</maxWeakCount>
      <stageThreshold>-1.8140829801559448e+00</stageThreshold>
      <weakClassifiers>
        <_>
          <internalNodes>
            0 -1 17 1895692285 2011002740 -68714497 -67588 -290538497
            -5192712 -320164114 -34755958</internalNodes>
          <leafValues>
            -6.8089890480041504e-01 1.8467432260513306e-01</leafValues></_>
        <_>
          <internalNodes>
            0 -1 6 -288362774 -1064894778 1088554026 -326172954
            -204517530 1413968503 1931725632 -1000342529</internalNodes>
          <leafValues>
            -6.7872363328933716e-01 2.3477107286453247e-01</leafValues></_>
        <_>
          <internalNodes>
            0 -1 76 -571549462 -3149082 1359301463 1440727651
            -1074794578 -319326653 -681836625 -607405349</internalNodes>
          <leafValues>
            -4.2193624377250671e-01 4.7977572679519653e-01</leafValues></_>
        <_>
          <internalNodes>
            0 -1 58 90969104 1066153948 1606262773 -12624417 972370428
            -2511873 -90161928 -1170469880</internalNodes>
          <leafValues>
            -6.5543127059936523e-01 2.9713174700737000e-01</leafValues></_>
        <_>
          <internalNodes>
            0 -1 20 2137390587 -4991721 -273880438 -404424826 -686509057
            1908479685 -11534354 -957683766</internalNodes>
          <leafValues>
            -4.1799837350845337e-01 4.4941714406013489e-01</leafValues></_>
        <_>
          <internalNodes>
            0 -1 34 1101522914 1643078770 1866900971 -1443209225
            -941264961 1875766127 1743137767 1088907182</internalNodes>
          <leafValues>
            -6.5640193223953247e-01 2.8259485960006714e-01</leafValues></_>
        <_>
          <internalNodes>
            0 -1 50 -340085256 -169869874 1295644543 -235208722
            -74778165 -126150213 -284165896 2029932510</internalNodes>
          <leafValues>
            -5.2174586057662964e-01 3.1938755512237549e-01</leafValues></_>
        <_>
          <internalNodes>
            0 -1 16 -1995780178 -1883579764 -1956835649 1064315450
            298883276 -1651703672 1332547571 1529284110</internalNodes>
          <leafValues>
            -5.4796940088272095e-01 3.2749336957931519e-01</leafValues></_></weakClassifiers></_>
    <!-- stage 11 -->
    <_>
      <maxWeakCount>9</maxWeakCount>
      <stageThreshold>-1.5766727924346924e+00</stageThreshold>
      <weakClassifiers>
        <_>
          <internalNodes>
            0 -1 41 -10485775 -72630274 -168403503 -5964094 -608191528
            -1968703489 -6309394 -71303233</internalNodes>
          <leafValues>
            -6.4981359243392944e-01 2.7962529659271240e-01</leafValues></_>
        <_>
          <internalNodes>
            0 -1 49 -101713997 -795348237 -915944721 -923795474
            -470288461 -256416651 -1081606200 -5257787</internalNodes>
          <leafValues>
            -5.0733184814453125e-01 3.5640156269073486e-01</leafValues></_>
        <_>
          <internalNodes>
            0 -1 73 1360329646 1599450239 23042491 -168978051 499616426
            88342532 -777262661 1474147167</internalNodes>
          <leafValues>
            -6.1151152849197388e-01 2.8293263912200928e-01</leafValues></_>
        <_>
          <internalNodes>
            0 -1 22 856699153 925965308 830177791 -540057732 601830333
            1704204720 -127190050 -1372115764</internalNodes>
          <leafValues>
            -4.9403667449951172e-01 3.5013946890830994e-01</leafValues></_>
        <_>
          <internalNodes>
            0 -1 79 -321916242 1152275189 -491893242 16111322 463437710
            1086714099 2129657567 1087328726</internalNodes>
          <leafValues>
            -6.8547970056533813e-01 2.7414512634277344e-01</leafValues></_>
        <_>
          <internalNodes>
            0 -1 9 -332399838 -20285713 1825214839 -572523876 -158433654
            -2075201062 705039115 -1061224609</internalNodes>
          <leafValues>
            -5.5482965707778931e-01 3.0516105890274048e-01</leafValues></_>
        <_>
          <internalNodes>
            0 -1 80 -7341158 -203165398 -1749860256 -1653488455
            -2040406360 554027584 121097696 1963982023</internalNodes>
          <leafValues>
            -6.0809975862503052e-01 2.5005647540092468e-01</leafValues></_>
        <_>
          <internalNodes>
            0 -1 15 -540144966 -1079535658 -1090185032 -1691418456
            361506040 159694616 -1294064641 2139999194</internalNodes>
          <leafValues>
            -5.0468754768371582e-01 3.4012636542320251e-01</leafValues></_>
        <_>
          <internalNodes>
            0 -1 68 -104141110 -680827386 1995132851 -771791126
            -805863425 -830722433 1196418559 -1010052981</internalNodes>
          <leafValues>
            -4.0247300267219543e-01 4.3415176868438721e-01</leafValues></_></weakClassifiers></_>
    <!-- stage 12 -->
    <_>
      <maxWeakCount>9</maxWeakCount>
      <stageThreshold>-1.9237215518951416e+00</stageThreshold>
      <weakClassifiers>
        <_>
          <internalNodes>
            0 -1 54 1413290975 -545156659 1762334687 995038615
            -1182692869 -28249912 1821541343 -1079362594</internalNodes>
          <leafValues>
            -6.6381055116653442e-01 2.0693928003311157e-01</leafValues></_>
        <_>
          <internalNodes>
            0 -1 42 -109322241 1901183449 -402552948 -12846715
            -254880830 -238557903 -423887388 -100666383</internalNodes>
          <leafValues>
            -5.0527763366699219e-01 3.7808817625045776e-01</leafValues></_>
        <_>
          <internalNodes>
            0 -1 75 -134421258 -607673390 1476174026 -539383820
            -1617971461 -1156643126 -1778528769 -618974305</internalNodes>
          <leafValues>
            -4.0830761194229126e-01 4.5279026031494141e-01</leafValues></_>
        <_>
          <internalNodes>
            0 -1 10 -295002612 -1077350325 1608785181 1606605447
            -289670661 -354703719 -1915751721 402921239</internalNodes>
          <leafValues>
            -6.6798114776611328e-01 2.7213498950004578e-01</leafValues></_>
        <_>
          <internalNodes>
            0 -1 64 -881856086 1245839822 1690357408 1846439984
            -341085116 50727050 45514960 -207634376</internalNodes>
          <leafValues>
            -5.0356233119964600e-01 3.6370992660522461e-01</leafValues></_>
        <_>
          <internalNodes>
            0 -1 1 -606082066 -1265701494 -1056798134 -1031390972
            -880152291 1073768584 272887680 1893072868</internalNodes>
          <leafValues>
            -5.9699869155883789e-01 2.9342302680015564e-01</leafValues></_>
        <_>
          <internalNodes>
            0 -1 78 21984971 1535111923 325570343 -149214718 -2105559317
            1757475362 -67371041 -70256225</internalNodes>
          <leafValues>
            -3.7804242968559265e-01 5.3985476493835449e-01</leafValues></_>
        <_>
          <internalNodes>
            0 -1 24 -904405842 -1866599595 -1878614625 848639499
            -502574588 -2096331903 -959214770 990902271</internalNodes>
          <leafValues>
            -5.5267244577407837e-01 3.5786947607994080e-01</leafValues></_>
        <_>
          <internalNodes>
            0 -1 30 -1029177089 1587125753 2012491709 -235919449
            -34069603 -146812932 -58834961 -80475869</internalNodes>
          <leafValues>
            -3.6617991328239441e-01 5.0907015800476074e-01</leafValues></_></weakClassifiers></_></stages>
  <features>
    <_>
      <rect>
        0 0 15 2</rect></_>
    <_>
      <rect>
        0 1 1 5</rect></_>
    <_>
      <rect>
        0 3 1 2</rect></_>
    <_>
      <rect>
        0 4 1 3</rect></_>
    <_>
      <rect>
        0 7 1 2</rect></_>
    <_>
      <rect>
        0 7 2 3</rect></_>
    <_>
      <rect>
        0 8 1 2</rect></_>
    <_>
      <rect>
        0 13 20 1</rect></_>
    <_>
      <rect>
        1 1 3 3</rect></_>
    <_>
      <rect>
        1 1 7 3</rect></_>
    <_>
      <rect>
        2 0 2 5</rect></_>
    <_>
      <rect>
        2 0 7 4</rect></_>
    <_>
      <rect>
        2 0 10 3</rect></_>
    <_>
      <rect>
        2 0 14 3</rect></_>
    <_>
      <rect>
        2 1 3 5</rect></_>
    <_>
      <rect>
        2 9 12 2</rect></_>
    <_>
      <rect>
        2 10 20 2</rect></_>
    <_>
      <rect>
        3 0 4 3</rect></_>
    <_>
      <rect>
        3 0 6 3</rect></_>
    <_>
      <rect>
        3 0 11 1</rect></_>
    <_>
      <rect>
        3 4 14 3</rect></_>
    <_>
      <rect>
        3 6 3 3</rect></_>
    <_>
      <rect>
        4 1 3 1</rect></_>
    <_>
      <rect>
        4 4 4 4</rect></_>
    <_>
      <rect>
        4 9 6 2</rect></_>
    <_>
      <rect>
        5 1 3 3</rect></_>
    <_>
      <rect>
        5 13 12 1</rect></_>
    <_>
      <rect>
        7 1 2 5</rect></_>
    <_>
      <rect>
        7 4 2 4</rect></_>
    <_>
      <rect>
        7 13 9 1</rect></_>
    <_>
      <rect>
        7 13 12 1</rect></_>
    <_>
      <rect>
        8 3 7 4</rect></_>
    <_>
      <rect>
        8 6 2 3</rect></_>
    <_>
      <rect>
        8 12 18 1</rect></_>
    <_>
      <rect>
        9 0 2 3</rect></_>
    <_>
      <rect>
        9 4 1 3</rect></_>
    <_>
      <rect>
        9 4 2 4</rect></_>
    <_>
      <rect>
        10 4 6 3</rect></_>
    <_>
      <rect>
        10 13 7 1</rect></_>
    <_>
      <rect>
        11 3 5 4</rect></_>
    <_>
      <rect>
        12 2 5 4</rect></_>
    <_>
      <rect>
        12 10 3 2</rect></_>
    <_>
      <rect>
        13 3 4 3</rect></_>
    <_>
      <rect>
        13 3 4 4</rect></_>
    <_>
      <rect>
        13 4 4 3</rect></_>
    <_>
      <rect>
        14 2 4 4</rect></_>
    <_>
      <rect>
        14 3 3 4</rect></_>
    <_>
      <rect>
        14 4 4 3</rect></_>
    <_>
      <rect>
        15 2 3 4</rect></_>
    <_>
      <rect>
        15 3 3 4</rect></_>
    <_>
      <rect>
        18 4 1 3</rect></_>
    <_>
      <rect>
        19 0 4 4</rect></_>
    <_>
      <rect>
        19 0 8 1</rect></_>
    <_>
      <rect>
        20 0 5 1</rect></_>
    <_>
      <rect>
        21 1 5 1</rect></_>
    <_>
      <rect>
        21 1 14 1</rect></_>
    <_>
      <rect>
        21 13 7 1</rect></_>
    <_>
      <rect>
        22 0 11 1</rect></_>
    <_>
      <rect>
        23 0 9 1</rect></_>
    <_>
      <rect>
        24 0 13 1</rect></_>
    <_>
      <rect>
        27 0 8 1</rect></_>
    <_>
      <rect>
        28 3 2 3</rect></_>
    <_>
      <rect>
        28 4 2 4</rect></_>
    <_>
      <rect>
        30 4 2 4</rect></_>
    <_>
      <rect>
        30 5 1 2</rect></_>
    <_>
      <rect>
        30 13 7 1</rect></_>
    <_>
      <rect>
        32 13 10 1</rect></_>
    <_>
      <rect>
        33 4 2 3</rect></_>
    <_>
      <rect>
        36 1 2 2</rect></_>
    <_>
      <rect>
        36 1 4 2</rect></_>
    <_>
      <rect>
        37 4 2 4</rect></_>
    <_>
      <rect>
        39 4 2 4</rect></_>
    <_>
      <rect>
        39 6 2 3</rect></_>
    <_>
      <rect>
        41 0 4 2</rect></_>
    <_>
      <rect>
        41 4 2 4</rect></_>
    <_>
      <rect>
        44 10 3 2</rect></_>
    <_>
      <rect>
        45 1 3 2</rect></_>
    <_>
      <rect>
        47 4 2 3</rect></_>
    <_>
      <rect>
        48 0 4 3</rect></_>
    <_>
      <rect>
        52 2 2 4</rect></_>
    <_>
      <rect>
        56 3 2 4</rect></_>
    <_>
      <rect>
        61 2 1 3</rect></_>
    <_>
      <rect>
        61 2 1 4</rect></_>
    <_>
      <rect>
        61 8 1 2</rect></_></features></cascade>
</opencv_storage>
